"Amino acid"	"Codons"	"Compressed"
"Ala/A"	"GCU, GCC, GCA, GCG"	"GCN"
"Arg/R"	"CGU, CGC, CGA, CGG, AGA, AGG"	"CGN, MGR"
"Asn/N"	"AAU, AAC"	"AAY"
"Asp/D"	"GAU, GAC"	"GAY"
"Cys/C"	"UGU, UGC"	"UGY"
"Gln/Q"	"CAA, CAG"	"CAR"
"Glu/E"	"GAA, GAG"	"GAR"
"Gly/G"	"GGU, GGC, GGA, GGG"	"GGN"
"His/H"	"CAU, CAC"	"CAY"
"Ile/I"	"AUU, AUC, AUA"	"AUH"
"Leu/L"	"UUA, UUG, CUU, CUC, CUA, CUG"	"YUR, CUN"
"Lys/K"	"AAA, AAG"	"AAR"
"Met/M"	"AUG"	
"Phe/F"	"UUU, UUC"	"UUY"
"Pro/P"	"CCU, CCC, CCA, CCG"	"CCN"
"Ser/S"	"UCU, UCC, UCA, UCG, AGU, AGC"	"UCN, AGY"
"Thr/T"	"ACU, ACC, ACA, ACG"	"ACN"
"Trp/W"	"UGG"	
"Tyr/Y"	"UAU, UAC"	"UAY"
"Val/V"	"GUU, GUC, GUA, GUG"	"GUN"
"STOP"	"UAA, UGA, UAG"	"UAR, URA"
